person,Rojas,Tania,Rojas_Tania,azerty
person,Ayed,Cheyma,Ayed_Cheyma,qwerty
person,Aga,Phil,Aga_Phil,poiuyt
admin,Rakoto,Patrick,Rakoto_Patrick,admin
person,Douglas,Prof,Douglas_Prof,wxcvbn
person,Aver,Test,Aver_Test,test
person,Mbiandou,Douglas,Mbiandou_Douglas,prof